,date,c13,o18
0,1798.08,-25.98,28.0580777352319
1,1798.25,-25.79,26.6545111158973
2,1798.42,-25.62,27.2551066839746
3,1798.58,-25.57,27.6128689994836
4,1798.75,-26.05,27.2531825984246
5,1798.92,-25.71,28.9273927945222
6,1799.08,-25.96,28.2130801785409
7,1799.25,-25.73,28.6973514731634
8,1799.42,-24.71,29.4569177772836
9,1799.42,-24.44,29.4319220139668
10,1799.58,-25.27,28.4334520071174
11,1799.75,-25.09,26.9640987850336
12,1799.92,-25.44,27.7367739177912
13,1800.08,-25.21,29.3421104030293
14,1800.08,-25.73,27.9513914954895
15,1800.25,-25.72,28.7663623317088
16,1800.42,-25.62,28.4446128989051
17,1800.58,-25.1,28.2675972261657
18,1800.75,-24.99,28.0057154834317
19,1800.92,-25.28,27.7135592720783
20,1801.08,-25.86,27.2052248355438
21,1801.25,-24.5,28.2442597359323
22,1801.42,-24.21,27.0795113824482
23,1801.42,-24.1,27.2664101442564
24,1801.58,-24.87,27.9941243126081
25,1801.75,-25.19,27.836602560775
26,1801.75,-25.09,27.9032294065756
27,1801.92,-25.61,27.3530466426149
28,1802.08,-24.93,26.4919568708272
29,1802.25,-24.86,26.8818530290369
30,1802.42,-24.87,27.2675400188855
31,1802.58,-24.95,27.9405406023328
32,1802.75,-24.9,25.6627770423631
33,1802.92,-25.9,26.1103849628853
34,1803.08,-25.9,26.8664741843498
35,1803.25,-24.11,27.5535514054809
36,1803.25,-23.96,28.0275772126572
37,1803.42,-24.36,28.0359495500936
38,1803.58,-24.74,27.8348507579921
39,1803.75,-24.84,27.1599325571856
40,1803.92,-24.42,27.938872010281
41,1804.08,-24.59,27.8064036628258
42,1804.25,-25.5,26.9504036757085
43,1804.42,-25.68,26.8209251035785
44,1804.58,-25.34,26.6190331987051
45,1804.75,-26.68,26.1434950887532
46,1804.92,-26.98,25.6091022022277
47,1805.08,-26.79,27.7497001980505
48,1805.25,-26.78,27.3299395007606
49,1805.42,-26.25,28.346107701835
50,1805.58,-26.62,27.4225605472131
51,1805.75,-26.8,27.6906292721928
52,1805.92,-26.9,27.7646074690652
53,1806.08,-25.36,28.8794477728036
54,1806.25,-25.04,29.098680854849
55,1806.42,-25.87,28.2238175559501
56,1806.58,-26.68,26.6643110175029
57,1806.75,-26.52,26.2088672726596
58,1806.92,-26.03,27.947121157507
59,1807.08,-26.35,28.3017270110629
60,1807.25,-26.64,27.7892861277703
61,1807.42,-27.05,27.4755980609976
62,1807.58,-26.73,28.9785506400084
63,1807.75,-26.5,28.5345580173082
64,1807.92,-26.98,26.9809463155234
65,1808.08,-25.57,27.6720256123854
66,1808.25,-25.45,26.6406167745385
67,1808.42,-25.11,27.4921296589613
68,1808.58,-25.25,28.1567964489309
69,1808.75,-25.21,28.5190457718756
70,1808.92,-25.45,28.1990201674899
71,1809.08,-25.63,27.2537365151611
72,1809.25,-24.3,28.2918017414162
73,1809.42,-24.6,26.8519145805248
74,1809.58,-24.44,27.3616592408947
75,1809.75,-24.65,27.3657254141798
76,1809.92,-25.18,27.0616491784809
77,1810.1,-25.64,26.6525456911674
78,1810.3,-25.31,26.7181241605775
79,1810.5,-24.9,27.1191663209697
80,1810.7,-25.24,26.0859935191033
81,1810.9,-24.6,27.1694204753157
82,1811.08,-25.1,26.577960460429
83,1811.25,-24.84,26.8015171903664
84,1811.42,-24.42,27.1761615056017
85,1811.75,-24.76,26.2044450594452
86,1811.92,-25.44,24.9501269287048
87,1812.13,-25.26,27.3717731066024
88,1812.38,-24.6,26.8845062613195
89,1812.63,-24.72,27.5688797468381
90,1812.88,-24.42,28.2161980982283
91,1813.1,-25.14,26.1187059516125
92,1813.3,-25.54,25.6637143367694
93,1813.5,-25.64,26.7966283047225
94,1813.7,-25.45,27.9561363163732
95,1813.9,-25.17,26.2061052701745
96,1814.1,-26.04,27.1793143547148
97,1814.3,-26.49,26.6579095107434
98,1814.5,-25.62,28.374833925654
99,1814.7,-25.75,27.6895368644043
100,1814.9,-26.36,27.9981125463021
101,1815.1,-26.04,26.547955883911
102,1815.3,-26.36,28.1111091042991
103,1815.5,-26.34,26.7568320166017
104,1815.7,-26.0,26.0519823734995
105,1815.9,-26.6,25.4247193375722
106,1816.3,-26.61,26.5734402338227
107,1816.5,-25.68,28.2077752325439
108,1816.5,-25.62,26.7746084973613
109,1816.7,-24.66,26.7772725901859
110,1816.9,-24.86,25.6509373657929
111,1817.3,-25.19,28.0209402997516
112,1817.5,-24.83,28.0818120551659
113,1817.7,-24.86,26.7473686507394
114,1817.9,-24.49,26.1455231295451
115,1818.1,-24.52,27.5238519430729
116,1818.7,-24.77,26.0485742463879
117,1818.9,-24.27,28.8174008304712
118,1819.07,-24.46,28.5452029522919
119,1819.21,-24.79,27.8273457179636
120,1819.36,-24.76,27.6026091832
121,1819.5,-24.75,27.8328801919779
122,1819.64,-24.76,28.0471428468205
123,1819.79,-24.68,28.4418368089463
124,1819.93,-24.65,26.9448343509567
125,1820.08,-25.86,27.1044167596614
126,1820.25,-25.85,27.5230757697948
127,1820.42,-25.62,28.3078860596343
128,1820.58,-26.0,26.9442684121076
129,1820.75,-25.89,27.92738070967
130,1820.92,-25.59,25.955100384387
131,1821.5,-26.05,27.9381392733262
132,1822.13,-26.38,28.0110522709596
133,1822.38,-26.28,28.9689874510818
134,1822.63,-26.59,27.8115017492517
135,1822.88,-26.46,27.9056120375806
136,1823.1,-26.45,27.5691123548752
137,1823.3,-26.4,28.041279147448
138,1823.5,-26.34,28.6076463238744
139,1823.7,-26.65,28.0944736247957
140,1823.9,-26.39,29.3045267167882
141,1824.13,-26.52,29.4051385902919
142,1824.38,-26.92,28.7291714903581
143,1824.63,-27.15,26.9293926290438
144,1824.88,-27.59,28.6222994735058
145,1825.1,-27.5,27.8964219288494
146,1825.3,-27.67,27.9431628572148
147,1825.5,-27.81,28.0487067667956
148,1825.7,-27.68,25.5645293262238
149,1825.9,-27.54,25.6059748747044
150,1826.08,-27.35,25.8378501933537
151,1826.25,-27.49,25.9772863097848
152,1826.42,-27.6,28.457039281742
153,1826.58,-27.87,27.6156843057632
154,1826.92,-28.44,27.4253443092888
155,1827.17,-28.47,27.860474305298
156,1827.5,-28.56,27.4736202580113
157,1827.83,-28.46,28.6193420389542
158,1828.08,-28.56,26.8694887752776
159,1828.25,-26.83,26.6854362971052
160,1828.42,-26.29,27.2416861965048
161,1828.58,-26.58,27.1586244932009
162,1828.75,-27.06,26.3783012597943
163,1828.92,-27.05,26.4629881512629
164,1829.08,-26.62,25.9656483109573
165,1829.25,-26.34,28.0923259390293
166,1829.42,-26.66,27.6883623751375
167,1829.58,-26.46,28.2376595787986
168,1829.75,-26.78,26.8328551387836
169,1829.92,-26.82,28.6765723851502
170,1830.13,-27.24,28.3442731571483
171,1830.38,-26.73,26.089698282852
172,1830.63,-26.78,26.2071669318299
173,1830.88,-26.74,26.2439285537865
174,1831.08,-26.83,25.9842259535217
175,1831.25,-26.8,26.3478335050888
176,1831.42,-26.6,26.3290333108947
177,1831.58,-27.04,26.6160072604513
178,1831.75,-26.82,26.4956775333762
179,1831.92,-26.79,26.405094421787
180,1832.13,-27.17,26.6066347367918
181,1832.38,-26.59,26.6027501784773
182,1832.63,-26.51,26.2936414848444
183,1832.88,-26.84,25.7135844287402
184,1833.17,-26.86,26.4504532841377
185,1833.5,-27.35,26.8478383805619
186,1833.83,-27.91,27.8952958472931
187,1834.08,-27.77,26.8152115058617
188,1834.25,-27.59,25.9344146408482
189,1834.42,-27.91,25.1783108660421
190,1834.58,-27.53,26.1876746672054
191,1834.75,-28.17,24.7856679185109
192,1834.92,-27.83,26.1148631504246
193,1835.08,-27.64,25.5743101753551
194,1835.25,-26.83,26.4412648096694
195,1835.42,-26.59,26.3602758380022
196,1835.58,-27.29,24.971888869475
197,1835.75,-27.43,25.0735362192842
198,1835.92,-27.45,26.4173443346237
199,1836.08,-27.43,26.2863257940141
200,1836.25,-26.93,27.0801329276692
201,1836.42,-26.43,26.8899099556217
202,1836.58,-26.56,27.1318266317455
203,1836.75,-26.49,27.5457696545088
204,1836.92,-26.84,27.6690739130988
205,1837.08,-27.17,27.7258841841437
206,1837.25,-27.5,26.5278214887517
207,1837.42,-26.41,26.8425979636163
208,1837.58,-26.62,26.3031669358346
209,1837.75,-27.14,25.8814731555172
210,1837.92,-26.64,27.5653579877093
211,1838.08,-26.61,27.4835607319499
212,1838.25,-26.88,26.5999067958086
213,1838.42,-26.62,25.7228997868868
214,1838.58,-26.63,26.3054578307693
215,1838.75,-27.15,25.6149972933373
216,1838.92,-27.12,26.06396065244
217,1839.13,-27.42,26.6256622599179
218,1839.38,-26.91,26.5184613893573
219,1839.63,-26.78,26.1028422357211
220,1839.88,-26.05,27.1867312083949
221,1840.17,-26.37,26.5361646301822
222,1840.5,-26.21,26.3000959835783
223,1840.83,-27.28,24.7089524906125
224,1841.17,-27.56,25.5302412484141
225,1841.5,-27.43,26.3293828550415
226,1841.83,-27.32,26.0149881252448
227,1842.1,-27.82,25.5689295797094
228,1842.3,-27.35,26.6881469994951
229,1842.5,-27.66,26.9623985728113
230,1842.7,-28.16,25.1932125660338
231,1842.9,-27.61,26.992298912301
232,1843.08,-27.63,25.6402592042939
233,1843.25,-27.36,24.0734980312841
234,1843.42,-25.74,26.8959946195758
235,1843.58,-25.67,27.7002837694273
236,1843.92,-27.01,26.8605413439162
237,1844.1,-27.15,27.3815967542298
238,1844.3,-27.85,26.2181676816969
239,1844.5,-27.28,27.9289805566745
240,1844.7,-27.44,27.2969176448904
241,1844.9,-27.76,26.9519659333996
242,1845.08,-27.74,26.9895492179449
243,1845.25,-27.34,25.9324269655359
244,1845.42,-27.49,25.7871337099067
245,1845.58,-27.62,26.1113518674917
246,1845.75,-27.19,25.6399102306351
247,1845.92,-27.82,24.2457316428377
248,1846.08,-27.02,25.3265025036695
249,1846.25,-26.44,25.9088978080372
250,1846.58,-25.67,26.3469636036976
251,1846.75,-25.85,27.2229541509234
252,1846.92,-25.88,28.262042344754
253,1847.13,-26.38,27.9721082430863
254,1847.38,-27.46,26.8802684652735
255,1847.63,-27.73,27.5478231330968
256,1847.88,-27.59,26.3991855201672
257,1848.13,-27.26,26.4968929912214
258,1848.38,-27.21,26.8283575004428
259,1848.63,-26.9,25.1209317097444
260,1848.88,-26.41,26.5123339995771
261,1849.08,-26.58,26.1097246598538
262,1849.25,-26.93,27.3352935465829
263,1849.42,-26.83,27.0372821096644
264,1849.58,-27.41,24.7442722652615
265,1849.75,-26.48,27.9634725966183
266,1849.92,-26.71,27.3715435004362
267,1850.08,-26.32,26.0701185762608
268,1850.25,-26.65,26.056793929402
269,1850.42,-27.29,25.4293637104321
270,1850.58,-27.66,25.2976914483541
271,1850.75,-28.11,26.2507128464605
272,1850.92,-28.13,27.1596865218519
273,1851.1,-27.26,25.597084433837
274,1851.5,-26.62,25.8713291689651
275,1851.7,-27.21,26.5794507179314
276,1851.9,-26.6,25.7895653214318
277,1852.08,-26.75,26.4528101063628
278,1852.25,-27.15,27.8630763862963
279,1852.42,-26.77,28.807504085112
280,1852.58,-27.15,27.4487692273912
281,1852.75,-27.44,26.4479638507677
282,1852.92,-27.56,25.7494638135787
283,1853.08,-27.68,26.0655785902472
284,1853.25,-27.69,26.4541452765052
285,1853.42,-26.78,27.3239871067234
286,1853.58,-27.34,26.0382333507667
287,1853.75,-27.47,26.421627456585
288,1853.92,-27.83,26.3562373063371
289,1854.08,-28.27,27.1184126534356
290,1854.25,-28.08,27.278055384357
291,1854.42,-27.51,26.4232289971916
292,1854.58,-27.47,26.4543508686347
293,1854.75,-27.14,26.4756632936742
294,1854.92,-27.42,26.5757046403327
295,1855.08,-27.53,26.6933632177568
296,1855.25,-27.2,27.8170836007596
297,1855.42,-27.16,26.6940944810006
298,1855.58,-27.62,25.6973749154419
299,1855.75,-27.3,26.7182244402337
300,1855.92,-27.45,25.7512938377319
301,1856.08,-27.23,26.2233975411772
302,1856.25,-26.94,26.7822155604405
303,1856.42,-27.12,25.6465771846084
304,1856.58,-26.88,26.1819328762216
305,1856.75,-26.62,26.9817323966876
306,1856.92,-26.39,27.9171935432971
307,1857.08,-26.44,28.4564953738614
308,1857.25,-26.45,28.2037644206653
309,1857.42,-26.49,27.4091392278403
310,1857.58,-27.27,26.3820952329301
311,1857.75,-27.2,26.7198356207294
312,1857.92,-27.48,27.2164218951748
313,1858.08,-27.17,27.1951118281262
314,1858.25,-27.26,27.1248784531253
315,1858.42,-26.97,26.856950929782
316,1858.58,-26.32,28.0036132071683
317,1858.75,-26.43,28.2764056508883
318,1858.92,-26.91,27.0875371022129
319,1859.08,-25.84,28.3849264149614
320,1859.25,-25.69,27.8031160829332
321,1859.42,-25.53,28.5809005604111
322,1859.58,-26.27,27.2454286957227
323,1859.75,-26.53,26.4778063771234
324,1859.92,-27.05,26.8613933259351
325,1860.13,-26.88,27.2522600668508
326,1860.38,-26.22,27.9304652364299
327,1860.63,-26.16,25.7505259055921
328,1860.88,-26.55,25.982399208663
329,1861.1,-26.59,26.5224638279998
330,1861.3,-26.67,26.1019515643444
331,1861.5,-26.28,26.1532164615634
332,1861.7,-26.15,25.5492390865475
333,1861.9,-25.96,26.6886559690467
334,1862.1,-25.73,28.1031251516147
335,1862.3,-26.05,27.361622930856
336,1862.5,-26.07,27.561134285289
337,1862.7,-25.78,28.4921811535901
338,1862.9,-25.72,28.1406802135226
339,1863.1,-25.49,27.8173281925956
340,1863.3,-25.13,28.3059335992626
341,1863.5,-25.22,27.5413983344752
342,1863.7,-25.1,28.8692894703806
343,1863.9,-25.53,28.3008390387361
344,1864.1,-25.3,29.7537224133446
345,1864.3,-25.7,29.0963422482374
346,1864.5,-25.93,28.9879288638963
347,1864.7,-26.01,30.5350718540376
348,1864.9,-26.36,30.0188076024206
349,1865.13,-26.21,29.7549026305101
350,1865.38,-26.08,29.0286793284559
351,1865.63,-26.22,28.8622693686273
352,1865.88,-26.55,29.0848686425819
353,1866.1,-26.54,28.5204345741508
354,1866.3,-24.95,26.8488740488028
355,1866.5,-24.37,28.230974972127
356,1866.7,-24.3,28.5405051706883
357,1866.9,-24.72,26.863361448546
358,1867.08,-24.5,27.6638623633005
359,1867.25,-24.79,27.998747958767
360,1867.42,-25.08,28.2164498860831
361,1867.58,-25.23,28.8375599523504
362,1867.75,-25.15,29.423428222611
363,1867.92,-24.22,29.1390211774551
364,1868.08,-23.83,27.7533567483174
365,1868.25,-24.1,28.481358623753
366,1868.42,-24.92,28.3074788539775
367,1868.58,-25.1,28.0171973020578
368,1868.75,-25.14,28.6640279876016
369,1868.92,-24.83,29.111466580728
370,1869.08,-23.5,27.8170793883591
371,1869.25,-23.79,27.8153400182723
372,1869.42,-23.88,29.6531314214887
373,1869.58,-24.3,27.93487834432
374,1869.75,-24.38,27.4312645300763
375,1869.92,-25.31,27.1905984503706
376,1870.08,-25.42,28.8811875889335
377,1870.25,-24.18,28.6620505868513
378,1870.42,-24.16,26.420672561583
379,1870.58,-24.8,26.9321903847025
380,1870.75,-24.96,26.3993153776955
381,1870.92,-25.33,26.0439118064669
382,1871.08,-24.08,27.2260093873207
383,1871.25,-24.05,26.6226227775817
384,1871.42,-24.02,28.6015131419985
385,1871.58,-24.82,27.5533536001204
386,1871.75,-25.2,27.6205325746534
387,1871.92,-25.3,27.6204027755441
388,1872.08,-23.78,27.4191480797078
389,1872.25,-23.71,28.0897244506298
390,1872.42,-24.01,27.8085060428736
391,1872.58,-24.09,27.4138802131997
392,1872.75,-24.7,26.3228818333967
393,1872.92,-25.03,25.9639794528349
394,1873.08,-23.9,27.899896649665
395,1873.25,-23.91,27.2223567488459
396,1873.42,-23.92,28.2063650397553
397,1873.58,-24.44,26.2324044165763
398,1873.75,-24.7,27.2889042243362
399,1873.92,-25.29,25.0754402968179
400,1874.08,-25.05,27.279358698005
401,1874.25,-23.65,26.9131753883038
402,1874.42,-23.66,26.6804294250852
403,1874.58,-23.98,26.0920352292847
404,1874.75,-24.14,26.3742057789859
405,1874.92,-24.09,26.0956028504018
406,1875.08,-24.01,26.7304400688328
407,1875.25,-23.77,26.9066397209723
408,1875.42,-24.03,25.4188350340235
409,1875.58,-23.83,27.8651512777682
410,1875.75,-24.26,26.5120801499667
411,1875.92,-24.66,27.6597699948658
412,1876.08,-24.27,27.2943945549391
413,1876.25,-24.11,27.7189567095592
414,1876.42,-24.2,27.2379759264863
415,1876.58,-24.86,26.9080362757393
416,1876.75,-24.95,26.5222603122386
417,1876.92,-25.19,27.1059935867985
418,1877.08,-25.07,27.4094374729421
419,1877.25,-23.83,29.4882073894956
420,1877.42,-23.59,28.7811373695714
421,1877.58,-23.61,30.0265073375105
422,1877.75,-24.14,28.9909433709342
423,1877.92,-25.29,26.8804337779992
424,1878.08,-25.38,25.5513708876814
425,1878.25,-23.93,27.0981007705844
426,1878.42,-24.19,24.9490371460427
427,1878.58,-24.44,24.133077609346
428,1878.75,-24.99,24.3368691732155
429,1878.92,-25.64,24.3777527591688
430,1879.08,-25.33,24.6038654944246
431,1879.25,-25.09,25.1184708708471
432,1879.42,-24.59,25.7040413264137
433,1879.58,-24.32,26.032394098097
434,1879.75,-25.04,26.1387632276573
435,1879.92,-25.19,26.045488358341
436,1880.08,-24.82,26.1506054436464
437,1880.25,-24.12,26.5056214860409
438,1880.42,-24.75,26.1723978201594
439,1880.58,-24.9,26.4331212138981
440,1880.75,-24.99,25.1504538017938
441,1880.92,-25.18,26.6221562794887
442,1881.08,-25.52,26.8284824011688
443,1881.25,-25.16,26.3720284687135
444,1881.42,-24.22,26.0223801836062
445,1881.58,-24.31,26.0252681344317
446,1881.75,-24.24,26.11930139008
447,1881.92,-24.98,26.4259229193953
448,1882.08,-24.88,25.9891191741609
449,1882.25,-25.38,26.510171350084
450,1882.42,-24.64,27.9765288099957
451,1882.58,-24.81,27.7755785854526
452,1882.75,-25.43,27.2093070653642
453,1882.92,-25.11,29.9099960450119
454,1883.08,-24.68,29.1221342363456
455,1883.25,-24.24,27.7115680990671
456,1883.42,-24.86,28.7338814153303
457,1883.58,-24.89,27.1636248256911
458,1883.75,-25.11,27.3586759771584
459,1883.92,-25.18,27.6563320729264
460,1884.08,-25.39,27.8312236529111
461,1884.25,-24.73,28.9111921910681
462,1884.42,-24.67,29.0818044738338
463,1884.58,-25.2,27.5294389982962
464,1884.75,-25.18,27.9396077918849
465,1884.92,-25.28,28.977343499614
466,1885.08,-24.9,29.6045916228033
467,1885.25,-24.62,29.1058029731075
468,1885.42,-24.75,28.2368411249757
469,1885.58,-24.94,27.8213937347
470,1885.75,-25.11,28.4255875710722
471,1885.92,-25.57,28.4298937263628
472,1886.08,-25.61,27.9878637886608
473,1886.25,-24.88,28.0870585232536
474,1886.42,-24.06,26.132085751143
475,1886.58,-24.95,27.616418548545
476,1886.75,-25.47,28.1133578410477
477,1886.92,-25.92,26.6739643885982
478,1887.08,-24.25,29.1780912945185
479,1887.25,-23.95,30.3131537410915
480,1887.42,-24.53,28.6854939786169
481,1887.58,-25.13,28.7252988603577
482,1887.75,-25.2,29.5197159977267
483,1887.92,-25.31,30.0092904512535
484,1888.08,-25.22,30.7782479138138
485,1888.25,-24.34,28.1904118758325
486,1888.42,-24.62,28.15505293892
487,1888.58,-24.97,28.1811439473154
488,1888.75,-25.31,27.0732051014196
489,1888.92,-25.61,26.8593050935406
490,1889.08,-26.01,26.9695465313336
491,1889.25,-26.07,27.0543842744717
492,1889.42,-24.91,27.5806242736154
493,1889.58,-24.79,26.9703334619267
494,1889.75,-24.85,28.4943039364079
495,1889.92,-25.25,27.9961276379895
496,1890.1,-25.31,27.7614135946318
497,1890.3,-25.02,28.0856749900955
498,1890.5,-24.88,28.3568766508746
499,1890.7,-25.27,27.698153948208
500,1890.9,-25.5,27.8872425702009
501,1891.08,-25.58,28.2512387499235
502,1891.25,-24.99,28.9665216160948
503,1891.42,-24.66,28.9199853763423
504,1891.58,-25.42,26.1809890993631
505,1891.75,-24.61,27.9577755388547
506,1891.92,-25.48,27.6717685708966
507,1892.08,-25.83,26.851782608816
508,1892.25,-25.49,27.0425625368649
509,1892.42,-24.98,28.5247335031772
510,1892.58,-24.12,28.9737706873862
511,1892.75,-24.03,28.9508187586312
512,1892.92,-24.64,29.1512535455688
513,1893.17,-24.62,28.1563800369537
514,1893.5,-24.52,27.8480129519361
515,1893.83,-24.24,28.298888751062
516,1894.08,-24.83,28.1406453481138
517,1894.25,-24.73,28.7274742154934
518,1894.42,-24.51,27.1606969224123
519,1894.58,-24.54,27.6574721065376
520,1894.75,-24.43,27.160179014994
521,1894.92,-24.62,27.1603207474804
522,1895.08,-24.83,26.9742321333914
523,1895.25,-24.22,26.7458678447912
524,1895.42,-24.61,26.5818421823706
525,1895.58,-24.72,26.1665685605535
526,1895.75,-24.82,26.8386919928031
527,1895.92,-24.58,29.5358123460037
528,1896.08,-24.41,29.7991554481843
529,1896.25,-23.89,28.512919605252
530,1896.42,-24.46,27.8881732739847
531,1896.58,-25.0,29.0790446168775
532,1896.75,-25.37,28.095542467847
533,1896.92,-25.52,29.316808939027
534,1897.08,-25.74,28.8543918499057
535,1897.25,-25.71,28.6240566127138
536,1897.42,-25.79,27.0326152998298
537,1897.58,-26.44,24.225694433988
538,1897.75,-25.84,26.065640220818
539,1897.92,-25.82,26.5368108238727
540,1898.08,-26.23,26.8731817914587
541,1898.25,-26.04,28.0859461527765
542,1898.42,-26.71,26.8104219606572
543,1898.58,-26.75,26.5433766707648
544,1898.75,-26.4,27.7023351215192
545,1898.92,-26.18,27.7086412566724
546,1899.08,-26.16,28.1596135758928
547,1899.25,-26.74,26.0877813798179
548,1899.42,-26.77,26.7078207446931
549,1899.58,-26.81,27.2693700802154
550,1899.75,-26.99,26.9602264697145
551,1899.92,-26.88,27.7082269135857
552,1900.08,-26.58,27.6582164641943
553,1900.25,-26.14,27.7052952081879
554,1900.42,-26.45,26.5364811771509
555,1900.58,-26.27,27.3525706603147
556,1900.75,-26.24,26.6081076866178
557,1900.92,-26.56,26.4299010575594
558,1901.08,-25.82,26.7269322498306
559,1901.25,-25.59,26.9503406449154
560,1901.42,-25.69,27.1495094616791
561,1901.58,-25.96,26.7692912847542
562,1901.75,-25.76,28.4868193528228
563,1901.92,-25.54,28.8280810554793
564,1902.08,-25.19,27.9582406951675
565,1902.25,-25.71,26.9538015441621
566,1902.42,-26.54,27.4107037854819
567,1902.58,-26.73,26.9966337617425
568,1902.75,-26.73,26.4458767282913
569,1902.92,-26.79,26.0449975925412
570,1903.08,-26.07,28.5968063811085
571,1903.25,-25.54,27.3100237051071
572,1903.42,-25.32,27.0485062613375
573,1903.58,-24.96,28.0822144848398
574,1903.75,-24.9,28.0164075395615
575,1903.92,-25.23,27.3461719548925
576,1904.08,-25.59,27.7238380289802
577,1904.25,-25.79,27.7093524169815
578,1904.42,-25.96,27.7537354055736
579,1904.58,-25.53,27.8309279377903
580,1904.75,-25.5,28.4765476787967
581,1904.92,-25.54,28.3791401081623
582,1905.1,-26.17,27.9315907898858
583,1905.3,-26.43,27.78797370997
584,1905.5,-25.73,28.6096286181684
585,1905.7,-25.6,28.6426734790009
586,1905.9,-26.34,27.4022679088143
587,1906.08,-26.47,27.6106419942852
588,1906.25,-26.93,27.1182608652397
589,1906.42,-26.52,27.1786247897739
590,1906.58,-25.87,26.9306530507573
591,1906.75,-25.56,27.9365623761734
592,1906.92,-26.21,26.8366870012411
593,1907.17,-26.07,26.6765527584769
594,1907.5,-26.15,27.3869617562196
595,1907.83,-25.13,27.5684239177287
596,1908.1,-24.52,27.9978379494321
597,1908.3,-24.65,27.9513446800144
598,1908.5,-24.34,27.5189000219289
599,1908.7,-24.02,27.6182505175653
600,1908.9,-24.23,27.0357557557003
601,1909.08,-24.69,26.8825981115213
602,1909.25,-25.15,26.3513872684119
603,1909.42,-24.79,27.4165775003672
604,1909.58,-24.33,27.6993027547314
605,1909.75,-24.31,27.2774485724497
606,1909.92,-24.26,27.005281896654
607,1910.08,-25.6,24.5712123409157
608,1910.25,-24.66,26.8626517575618
609,1910.42,-24.8,26.6253053250618
610,1910.58,-24.48,26.7669773906308
611,1910.75,-24.27,26.7556249942352
612,1910.92,-23.69,29.5806910334532
613,1911.08,-23.94,29.1885121773927
614,1911.25,-24.18,27.4793868970255
615,1911.42,-24.36,28.0376853531207
616,1911.58,-24.93,27.1685177812651
617,1911.75,-24.46,28.2222272515325
618,1911.92,-24.31,28.9987232151208
619,1912.08,-24.5,29.3904895008874
620,1912.25,-24.58,29.2618694569651
621,1912.42,-24.33,29.54592896784
622,1912.58,-24.94,28.011522782949
623,1912.75,-24.57,28.1642592904468
624,1912.92,-25.39,25.1787665417366
625,1913.06,-25.84,24.7958551437823
626,1913.19,-25.29,26.3441743773061
627,1913.31,-24.88,26.4829321803402
628,1913.44,-25.27,27.0500313568628
629,1913.56,-24.94,28.662923162335
630,1913.69,-25.16,28.7483109207361
631,1913.81,-25.45,27.8928001176967
632,1913.94,-25.18,29.188638630258
633,1914.13,-25.69,28.6441916520486
634,1914.38,-25.43,29.7499565670676
635,1914.63,-24.62,29.7253616385616
636,1914.88,-24.92,27.7178058160223
637,1915.08,-24.47,28.5923489178136
638,1915.25,-24.2,27.8970613227564
639,1915.42,-24.36,28.6443097405234
640,1915.58,-24.46,27.9074186332198
641,1915.75,-24.29,29.8456941646584
642,1915.92,-24.97,28.8648043702976
643,1916.08,-25.85,28.7232028162769
644,1916.25,-24.88,28.5789741520993
645,1916.42,-24.78,28.8068532721445
646,1916.58,-23.78,27.0176573258593
647,1916.75,-24.37,26.6824207648539
648,1916.92,-25.31,25.4791375204873
649,1917.08,-25.47,26.0182476074507
650,1917.25,-24.92,26.8524589753106
651,1917.42,-24.25,27.0554178362988
652,1917.58,-24.21,27.8397205601202
653,1917.75,-24.5,27.7338176116128
654,1917.92,-24.98,26.7685661916349
655,1918.1,-24.88,27.6964372475913
656,1918.3,-24.34,27.6023915278761
657,1918.5,-23.87,28.0362747975945
658,1918.7,-24.68,27.0191896886195
659,1918.9,-24.61,27.8353981565092
660,1919.08,-25.05,26.5901762063379
661,1919.25,-25.13,26.549807331272
662,1919.42,-24.27,26.3090845502325
663,1919.58,-23.95,26.4688428627221
664,1919.75,-24.62,26.6497746740174
665,1919.92,-25.09,26.0646021005765
666,1920.08,-25.17,26.734909232084
667,1920.25,-25.0,27.249668208071
668,1920.42,-23.87,27.6993585194293
669,1920.58,-24.12,26.1065057106131
670,1920.75,-24.63,25.9081048526056
671,1920.92,-24.85,25.4650266341437
672,1921.08,-25.41,26.2851103759957
673,1921.25,-24.08,27.4547981325417
674,1921.42,-23.75,27.6335947204959
675,1921.58,-23.8,27.4965011097694
676,1921.75,-24.19,26.7582491868569
677,1921.92,-24.84,26.3350329419414
678,1922.1,-24.77,27.1102491858277
679,1922.3,-24.69,27.2994668639611
680,1922.5,-24.66,26.1098605649628
681,1922.7,-24.54,26.4784946669404
682,1922.9,-24.53,26.6410444411452
683,1923.13,-25.28,27.8685246596098
684,1923.38,-25.59,26.4374338507538
685,1923.63,-25.06,25.9649915655199
686,1923.88,-25.57,25.627156591413
687,1924.08,-25.72,25.2690858888494
688,1924.25,-25.97,25.1195979421793
689,1924.42,-25.19,26.7516071647383
690,1924.58,-24.54,27.5263431720275
691,1924.75,-24.87,25.7282956470498
692,1924.92,-24.44,27.3708790886496
693,1925.1,-25.3,24.9710578858106
694,1925.3,-25.25,25.7682862365692
695,1925.5,-25.12,25.259219952828
696,1925.7,-24.54,26.5852385186446
697,1925.9,-25.23,26.5366388074319
698,1926.08,-25.73,26.0207996070117
699,1926.25,-25.68,25.6660367503044
700,1926.42,-25.67,24.821576674503
701,1926.58,-25.42,25.4452890158428
702,1926.75,-25.95,25.3753608534571
703,1926.92,-25.45,26.099288049367
704,1927.08,-26.93,23.439171412295
705,1927.25,-26.25,24.4173970538633
706,1927.42,-25.08,26.1294683127449
707,1927.58,-25.88,24.8065901419785
708,1927.75,-25.51,25.4325970011555
709,1927.92,-25.61,24.9425938504089
710,1928.08,-26.15,23.9235464518666
711,1928.25,-25.99,24.2096344450659
712,1928.42,-25.82,24.8083044682423
713,1928.58,-26.22,24.1646027728788
714,1928.75,-25.45,25.3842314229062
715,1928.92,-25.22,25.4967312325372
716,1929.08,-25.36,25.0603712744132
717,1929.25,-25.61,24.9286883164357
718,1929.42,-25.31,25.1927753340917
719,1929.58,-24.72,26.3404731422267
720,1929.75,-25.08,25.0536082347328
721,1929.92,-25.24,26.2100642018136
722,1930.08,-25.7,26.9515994914155
723,1930.58,-25.77,26.5025564512926
724,1931.1,-25.63,26.1498319125091
725,1931.3,-25.89,26.0526793344956
726,1931.5,-24.49,27.0468240585826
727,1931.7,-24.11,27.4137440090072
728,1931.9,-24.9,26.1392476519311
729,1932.08,-26.04,25.2489763745967
730,1932.25,-26.17,25.0646460932187
731,1932.42,-25.82,24.8566750739756
732,1932.58,-24.88,26.6479449219025
733,1932.75,-24.8,26.6535972585768
734,1932.92,-25.2,25.875119510057
735,1933.25,-26.0,24.5584424849078
736,1933.42,-25.87,25.9169037410894
737,1933.58,-25.03,25.0227142324895
738,1933.75,-25.1,25.0880214906705
739,1933.92,-25.29,24.9969383254045
740,1933.92,-25.44,25.4924868098712
741,1934.08,-26.34,23.043008578994
742,1934.25,-26.09,25.2164296406919
743,1934.42,-25.59,26.1894297111696
744,1934.58,-25.09,26.7116679886824
745,1934.92,-25.76,26.4463839069274
746,1935.08,-25.84,26.2045969763751
747,1935.25,-25.76,26.9771506080605
748,1935.42,-26.22,25.531485776342
749,1935.58,-26.21,26.3229901905921
750,1935.75,-24.95,25.8330871135927
751,1935.92,-25.41,25.1503575840603
752,1936.08,-24.87,26.4606741593928
753,1936.25,-24.76,27.1437166654096
754,1936.25,-26.17,27.9595629877716
755,1936.42,-25.01,28.3864457180418
756,1936.75,-25.29,26.9127236601565
757,1936.92,-25.97,26.1839289798231
758,1937.08,-26.07,27.0686863552861
759,1937.25,-25.25,26.6692300372947
760,1937.42,-25.18,27.0699880728283
761,1937.58,-24.9,26.6674040251081
762,1937.75,-25.02,26.8771043613595
763,1937.92,-25.32,27.2285814699271
764,1938.08,-24.92,27.0654215168924
765,1938.25,-24.3,26.1657810843845
766,1938.42,-24.18,26.8684534769659
767,1938.58,-24.57,26.5173841413167
768,1938.75,-25.14,26.8085817263736
769,1938.92,-25.71,26.4171910163072
770,1939.08,-25.79,26.0510105882871
771,1939.25,-25.22,26.8876471993335
772,1939.42,-25.46,27.0390802796986
773,1939.58,-26.14,26.4740124599051
774,1939.75,-26.6,25.9577362075477
775,1939.92,-26.89,26.2320549239132
776,1940.1,-25.4,27.191467220047
777,1940.3,-25.22,27.0096543489162
778,1940.5,-25.62,26.7964596380982
779,1940.7,-26.73,25.3071078048241
780,1940.9,-26.88,25.8465113796879
781,1941.08,-26.13,26.4439884145579
782,1941.25,-25.29,26.777172798999
783,1941.42,-25.26,27.4126596454106
784,1941.58,-26.0,26.7445314455237
785,1941.75,-26.55,26.5937840476565
786,1941.92,-26.62,26.9480422896978
787,1942.08,-26.36,27.6498956694825
788,1942.25,-25.25,27.9305870316814
789,1942.42,-25.36,26.8569666075471
790,1942.58,-26.24,25.8652463925581
791,1942.75,-26.64,25.9232278654234
792,1942.92,-26.84,26.6796710595156
793,1943.08,-26.03,27.4323669673584
794,1943.25,-24.98,27.899204870072
795,1943.42,-24.8,28.2145249966224
796,1943.58,-25.89,26.9507261375661
797,1943.75,-26.4,26.5258114091479
798,1943.92,-26.86,26.4461205665191
799,1944.08,-26.14,25.8587297011821
800,1944.25,-26.05,25.0161969516543
801,1944.42,-25.66,26.8627634853001
802,1944.58,-25.87,26.7373576180953
803,1944.75,-26.28,27.020897109517
804,1944.92,-26.71,26.6865831573165
805,1945.08,-27.17,26.728762591246
806,1945.25,-24.94,27.6452237106454
807,1945.42,-24.35,27.3098035999616
808,1945.58,-24.7,28.6819109918006
809,1945.75,-24.97,29.5493796753599
810,1945.92,-25.57,29.5044898325071
811,1946.08,-25.99,28.6189089302985
812,1946.25,-25.83,28.7978044580909
813,1946.42,-25.51,27.0950210470223
814,1946.58,-25.69,26.0412528946791
815,1946.75,-25.99,26.0565327319696
816,1946.92,-26.07,27.2234478568926
817,1947.08,-24.65,29.0421715245896
818,1947.25,-24.56,28.7220221581099
819,1947.42,-24.27,29.412466390064
820,1947.58,-24.74,28.338576536824
821,1947.75,-25.37,27.5330817281682
822,1947.92,-25.68,27.3524585332722
823,1948.08,-25.47,28.264357940037
824,1948.25,-25.07,27.6498892144813
825,1948.42,-25.61,27.3870110953923
826,1948.58,-25.83,27.7329782698182
827,1948.75,-25.99,28.2913649489852
828,1948.92,-25.75,28.8510029262782
829,1949.08,-26.29,27.5730752244114
830,1949.25,-26.16,27.3066115023233
831,1949.42,-25.27,27.7136381189751
832,1949.58,-25.78,27.8789608287319
833,1949.75,-26.19,28.2779337955606
834,1949.92,-26.52,27.9309874098818
835,1950.06,-26.21,29.1545183158798
836,1950.19,-25.76,27.0880324089149
837,1950.31,-25.97,26.6472618429107
838,1950.44,-25.23,29.620104089659
839,1950.56,-25.24,30.349179151035
840,1950.69,-25.86,30.7089982999743
841,1950.81,-26.42,29.1691215834325
842,1950.94,-26.52,29.6554629655051
843,1951.08,-25.11,28.0268761703552
844,1951.25,-24.85,28.5784361833497
845,1951.42,-24.6,28.6158575105532
846,1951.58,-24.97,27.4072657554746
847,1951.75,-25.52,26.1587412894215
848,1951.92,-25.54,28.4751747148991
849,1952.1,-25.13,29.0481615683329
850,1952.3,-24.72,27.1674916577444
851,1952.5,-24.73,26.8470208523193
852,1952.7,-25.0,27.8849910077723
853,1952.9,-25.09,27.7803577005245
854,1953.08,-25.3,27.5211154290673
855,1953.25,-25.08,27.0581082716918
856,1953.42,-24.42,26.9517576382677
857,1953.58,-24.69,27.0906791917
858,1953.75,-24.78,27.6913068599648
859,1953.92,-25.66,26.3702996054916
860,1954.08,-25.93,27.2740083373334
861,1954.25,-25.56,27.5393396900386
862,1954.42,-24.97,26.5531312301208
863,1954.58,-24.83,26.5863792347964
864,1954.75,-24.67,27.2554891039979
865,1954.92,-24.78,27.7167308175618
866,1955.08,-25.2,27.2677535277994
867,1955.25,-24.51,27.4040876501961
868,1955.42,-23.97,27.7377758713053
869,1955.58,-24.28,28.4794342320138
870,1955.75,-24.34,29.7064779171615
871,1955.92,-25.57,27.7437871933985
872,1956.08,-26.07,27.0621448545866
873,1956.25,-26.3,26.4785705452106
874,1956.42,-26.28,26.2873199109327
875,1956.58,-25.43,27.1183893482058
876,1956.75,-25.08,27.3564938099553
877,1956.92,-24.99,28.6547911575264
878,1957.08,-25.63,28.165432501169
879,1957.25,-25.59,28.0526593347714
880,1957.42,-25.28,26.9056671457952
881,1957.58,-25.09,27.0189649937733
882,1957.75,-25.5,27.7143343715064
883,1957.92,-26.01,27.7930606052241
884,1958.08,-26.05,28.2466077234211
885,1958.25,-25.16,28.9508594641477
886,1958.42,-25.03,28.2867862238165
887,1958.58,-25.33,29.1642179534548
888,1958.75,-25.51,28.4769671218984
889,1958.92,-25.79,27.7144983607726
890,1959.08,-25.92,27.6481617883687
891,1959.25,-25.28,28.0609672528229
892,1959.42,-25.78,26.4412959809786
893,1959.58,-25.93,27.5398274886965
894,1959.75,-26.05,28.4772806337415
895,1959.92,-26.48,27.6605620525909
896,1960.08,-26.23,28.8745267022552
897,1960.25,-26.53,27.499220342189
898,1960.42,-26.06,26.6602367895645
899,1960.58,-25.35,27.357350650687
900,1960.75,-24.94,28.5822794343985
901,1960.92,-24.84,29.5423031114558
902,1961.08,-25.02,28.9193862286261
903,1961.25,-25.49,27.7515810148618
904,1961.42,-25.0,25.539986013233
905,1961.58,-25.04,26.3047661389191
906,1961.75,-25.07,26.2162314721022
907,1961.92,-25.41,27.8900678924362
908,1962.1,-24.93,28.2176010192544
909,1962.3,-24.84,27.6652604408954
910,1962.5,-25.79,25.3297729310026
911,1962.7,-25.46,26.9364717950765
912,1962.9,-25.99,26.9596194403097
913,1963.08,-25.96,28.1445526730537
914,1963.25,-26.21,27.1689378965215
915,1963.42,-25.67,27.4999485635899
916,1963.58,-25.93,26.2382855829784
917,1963.75,-25.91,27.6036387306157
918,1963.92,-25.87,27.9721196690562
919,1964.08,-25.78,28.3138078805132
920,1964.25,-24.98,28.6762468307521
921,1964.42,-24.42,29.0801558803868
922,1964.58,-23.75,30.1233026009216
923,1964.75,-24.06,29.9491334424544
924,1964.92,-24.21,29.0763104903439
925,1965.08,-24.52,30.0216861658617
926,1965.25,-25.64,26.6065360762489
927,1965.42,-25.74,26.8880804543255
928,1965.58,-25.85,28.4270823111706
929,1965.75,-25.79,29.0284043498869
930,1965.92,-26.19,28.1062626290911
931,1966.08,-26.3,28.2968264023992
932,1966.25,-25.33,28.5688523187162
933,1966.42,-25.04,28.8831331301163
934,1966.58,-24.87,29.2019969541682
935,1966.75,-25.65,27.2721190927053
936,1966.92,-25.88,28.0793895128282
937,1967.08,-26.19,28.5818647520559
938,1967.25,-25.73,28.0243234668899
939,1967.42,-25.03,27.8767710492798
940,1967.58,-24.82,28.8804248538624
941,1967.75,-25.28,28.1668043423211
942,1967.92,-25.74,28.4776988857958
943,1968.08,-25.62,28.8203117453701
944,1968.25,-25.63,28.3725176952195
945,1968.42,-25.48,28.5974312339417
946,1968.58,-25.98,27.9882018363877
947,1968.75,-25.8,28.6767767677766
948,1968.92,-26.09,28.40996742117
949,1969.08,-25.97,28.4622064144729
950,1969.25,-26.05,28.253192038961
951,1969.42,-26.47,27.6922696147445
952,1969.58,-26.73,27.26538782648
953,1969.75,-26.67,27.3310709283579
954,1969.92,-27.14,25.7237595610719
955,1970.08,-26.69,26.9213238300081
956,1970.25,-26.08,27.6365656469486
957,1970.42,-26.4,26.73738120811
958,1970.58,-26.05,27.0298502801952
959,1970.75,-26.02,27.5160874361829
960,1970.92,-25.6,28.5156133671382
961,1971.08,-25.99,28.2484320005327
962,1971.25,-25.97,28.2842485128556
963,1971.42,-25.53,28.2880146308327
964,1971.58,-25.27,28.904045766438
965,1971.75,-25.53,28.6115676276373
966,1971.92,-25.65,28.4772887057289
967,1972.25,-25.13,28.8281311208813
968,1972.75,-25.64,27.5065766488826
969,1973.1,-25.7,26.9718965821269
970,1973.3,-25.62,27.4542662809325
971,1973.5,-25.85,26.8823851981074
972,1973.7,-25.88,27.9069976765123
973,1973.9,-25.77,29.0499294500775
974,1974.1,-26.04,29.2397847902283
975,1974.3,-25.63,29.5792305041014
976,1974.5,-26.02,28.0623363888681
977,1974.7,-25.75,27.9847186109009
978,1974.9,-25.7,28.1711765061469
979,1975.08,-25.72,26.2765490540927
980,1975.25,-24.72,28.9248650283935
981,1975.42,-24.72,29.6797847258411
982,1975.58,-25.06,28.7760008360754
983,1975.75,-25.28,28.4525422472037
984,1975.92,-25.31,29.5547439860378
985,1976.08,-25.12,29.8397007478098
986,1976.25,-25.24,27.7774659231006
987,1976.42,-24.84,29.0132084485977
988,1976.58,-24.96,27.6898322952105
989,1976.75,-25.12,27.9178632298191
990,1976.92,-25.29,28.4579670940381
991,1977.08,-25.86,28.1035529868147
992,1977.25,-25.46,29.9438752570181
993,1977.42,-25.54,29.2333385499832
994,1977.58,-25.48,28.4905480697329
995,1977.75,-25.16,28.5946264765025
996,1977.92,-25.46,27.2293374286809
997,1978.1,-25.76,27.4668569009916
998,1978.3,-25.49,28.3404617337511
999,1978.5,-25.96,27.6629740361789
1000,1978.7,-25.95,28.1642851512164
1001,1978.9,-26.1,28.4175761453895
1002,1979.08,-25.59,30.1258721306091
1003,1979.25,-25.34,30.3638776254087
1004,1979.42,-25.26,29.3923203344302
1005,1979.58,-25.31,29.7452119556948
1006,1979.75,-25.88,29.2569916642442
1007,1979.92,-26.22,29.8146212598192
1008,1980.08,-26.65,30.108739682837
1009,1980.25,-25.6,30.5283981744993
1010,1980.42,-25.15,30.4563022852607
1011,1980.58,-25.3,30.0868108154911
1012,1980.75,-25.33,30.332694974927
1013,1980.92,-25.33,30.1563583866281
1014,1981.1,-25.05,32.1637414603746
1015,1981.3,-25.17,28.2324671503472
1016,1981.5,-25.65,28.2303265691923
1017,1981.7,-25.92,27.1468477939091
1018,1981.9,-25.59,27.5612504599838
1019,1982.3,-25.67,27.1814840410745
1020,1982.5,-25.85,27.3937141002684
1021,1982.7,-25.31,29.2874342072701
1022,1982.9,-26.33,28.4995750120491
1023,1983.08,-26.14,28.2872434237947
1024,1983.25,-25.47,27.6454168895859
1025,1983.42,-25.93,25.9062600049604
1026,1983.58,-26.08,25.2898849787674
1027,1983.75,-26.5,25.2390194562453
1028,1983.92,-27.7,25.5568688170709
1029,1984.08,-27.97,26.2195765755798
1030,1984.25,-27.39,26.1149604701657
1031,1984.42,-25.93,27.8497295960454
1032,1984.58,-25.89,28.4556352020307
1033,1984.75,-26.25,27.894938644114
1034,1984.92,-26.42,27.6422407245938
1035,1985.1,-26.11,24.7593128742535
1036,1985.3,-26.19,25.5613285977158
1037,1985.5,-26.14,27.8161471961153
1038,1985.7,-25.93,28.1201933678841
1039,1985.9,-25.57,29.3924306704423
1040,1986.1,-25.72,29.48837920896
1041,1986.3,-25.91,29.4868555194069
1042,1986.5,-25.95,28.9044012855512
1043,,-26.08,27.6338850673104
1044,1986.9,-25.8,29.2180246484813
1045,1987.1,-25.69,29.5838010108768
1046,1987.3,-25.36,29.5545291046742
1047,,-25.16,28.2754228413584
